{"WX": {"R": {"q": 0.324, "count": 2
    }, "N": {"q": 0.44712, "count": 2
    }, "D": {"q": 0.24248, "count": 1
    }
  }, "XX": {"N": {"q": -0.35473802239999996, "count": 3
    }, "D": {"q": -0.324, "count": 2
    }, "L": {"q": -0.2, "count": 1
    }
  }, "ZX": {"U": {"q": 0.566197472, "count": 3
    }, "N": {"q": 0.2, "count": 1
    }
  }, "WZ": {"N": {"q": 1.521186347345715, "count": 9
    }, "D": {"q": 0.40883040000000004, "count": 2
    }, "R": {"q": 0.6597271588800513, "count": 3
    }
  }, "YY": {"R": {"q": -0.2952, "count": 2
    }, "N": {"q": -0.5415696, "count": 4
    }, "U": {"q": -0.164, "count": 1
    }
  }, "ZY": {"N": {"q": 0.36000000000000004, "count": 2
    }, "U": {"q": 0.656537312, "count": 3
    }
  }, "ZW": {"L": {"q": 0.36000000000000004, "count": 2
    }, "U": {"q": 0.24248, "count": 1
    }, "N": {"q": 0.2436464, "count": 1
    }
  }, "YW": {"U": {"q": 0.34325954496, "count": 2
    }, "N": {"q": 0.5944304, "count": 3
    }
  }, "WW": {"N": {"q": -0.2, "count": 1
    }, "D": {"q": -0.4707216, "count": 4
    }, "R": {"q": -0.16740455040000002, "count": 2
    }
  }, "YX": {"R": {"q": 0.38880000000000003, "count": 2
    }, "U": {"q": 0.236, "count": 1
    }, "N": {"q": 0.31205138860006404, "count": 1
    }
  }, "ZZ": {"L": {"q": -0.247948611399936, "count": 2
    }, "U": {"q": -0.27226656, "count": 3
    }
  }, "YZ": {"N": {"q": 0.5832335699480116, "count": 3
    }, "U": {"q": 0.9088907431116802, "count": 3
    }, "R": {"q": 0.2, "count": 1
    }
  }, "XZ": {"N": {"q": 0.407664, "count": 2
    }, "D": {"q": 0.7179264000000001, "count": 4
    }, "L": {"q": 0.62790857155584, "count": 2
    }
  }, "XY": {"N": {"q": 0.7763184000000001, "count": 4
    }, "L": {"q": 0.40883040000000004, "count": 2
    }, "D": {"q": 0.2, "count": 1
    }
  }, "XW": {"N": {"q": 0.5944304, "count": 3
    }, "D": {"q": 0.4324464, "count": 2
    }, "L": {"q": 0.5736595449599999, "count": 4
    }
  }, "WY": {"D": {"q": 0.2, "count': 1
    }, 'R': {'q': 0.5300475428800513, 'count': 2
    }
  }
}